Entity,Code,Year,0-4 years,5-14 years,15-49 years,50-69 years,70+ years,All ages
China,CHN,2021,0,0.000745181,2.2549918,2.9208517,2.9186919,2.08